-- MySQL dump 10.13  Distrib 8.0.36, for Win64 (x86_64)
--
-- Host: kolei.ru    Database: akropinov
-- ------------------------------------------------------
-- Server version	8.0.36-0ubuntu0.22.04.1

/*!40101 SET @OLD_CHARACTER_SET_CLIENT=@@CHARACTER_SET_CLIENT */;
/*!40101 SET @OLD_CHARACTER_SET_RESULTS=@@CHARACTER_SET_RESULTS */;
/*!40101 SET @OLD_COLLATION_CONNECTION=@@COLLATION_CONNECTION */;
/*!50503 SET NAMES utf8mb4 */;
/*!40103 SET @OLD_TIME_ZONE=@@TIME_ZONE */;
/*!40103 SET TIME_ZONE='+00:00' */;
/*!40014 SET @OLD_UNIQUE_CHECKS=@@UNIQUE_CHECKS, UNIQUE_CHECKS=0 */;
/*!40014 SET @OLD_FOREIGN_KEY_CHECKS=@@FOREIGN_KEY_CHECKS, FOREIGN_KEY_CHECKS=0 */;
/*!40101 SET @OLD_SQL_MODE=@@SQL_MODE, SQL_MODE='NO_AUTO_VALUE_ON_ZERO' */;
/*!40111 SET @OLD_SQL_NOTES=@@SQL_NOTES, SQL_NOTES=0 */;

--
-- Table structure for table `Empl_imp`
--

DROP TABLE IF EXISTS `Empl_imp`;
/*!40101 SET @saved_cs_client     = @@character_set_client */;
/*!50503 SET character_set_client = utf8mb4 */;
CREATE TABLE `Empl_imp` (
  `guid` varchar(50) DEFAULT NULL,
  `position` varchar(50) DEFAULT NULL,
  `firstName` varchar(50) DEFAULT NULL,
  `lastName` varchar(50) DEFAULT NULL,
  `middleName` varchar(50) DEFAULT NULL,
  `email` varchar(50) DEFAULT NULL,
  `login` varchar(50) DEFAULT NULL,
  `password` varchar(50) DEFAULT NULL,
  `createdTimeStamp` datetime DEFAULT NULL,
  `updatedTimeStamp` datetime DEFAULT NULL,
  `deletedTimeStamp` datetime DEFAULT NULL,
  `lastEnterTimeStamp` datetime DEFAULT NULL
) ENGINE=InnoDB DEFAULT CHARSET=utf8mb4 COLLATE=utf8mb4_0900_ai_ci;
/*!40101 SET character_set_client = @saved_cs_client */;

--
-- Dumping data for table `Empl_imp`
--

LOCK TABLES `Empl_imp` WRITE;
/*!40000 ALTER TABLE `Empl_imp` DISABLE KEYS */;
INSERT INTO `Empl_imp` VALUES ('8fde1ea6-5e14-48c9-a297-03fa29dbb3d4','Директор','','','','','','','2017-01-17 00:00:00',NULL,NULL,NULL),('497620f0-2f35-4ee5-a842-c44353b8aaca','Менеджер проектов','','','','','','','2017-01-17 00:00:00',NULL,NULL,NULL),('e4c86887-f2d5-4f3f-b08a-e847bb5eb59f','Менеджер проектов','','','','','','','2017-01-17 00:00:00',NULL,NULL,NULL),('f20ae53b-c876-489c-8f1b-a01a3ddd71c6','Менеджер по кадрам','','','','','','','2017-01-17 00:00:00',NULL,NULL,NULL),('ffe2905c-2c71-4af7-b955-9431c6b1ec61','Экономист по сбыту','','','','','','','2017-01-17 00:00:00',NULL,NULL,NULL),('0ec34aa1-b334-4220-aa57-9e854fa0a754','Аналитик','','','','','','','2017-01-17 00:00:00',NULL,NULL,NULL),('cd8511b4-c39b-48c8-b042-7f7146463b46','Аналитик','','','','','','','2017-01-17 00:00:00',NULL,NULL,NULL),('737c580e-42cd-4a1d-94d1-9899a17b71c5','Специалист по внедрению ','','','','','','','2017-01-17 00:00:00',NULL,NULL,NULL),('1f67472c-0bf3-450a-9fd3-2186d5fb6699','Специалист по внедрению ','','','','','','','2017-01-17 00:00:00',NULL,NULL,NULL),('43e274d9-384d-4e4a-a746-e54403cb0a09','Специалист по внедрению ','','','','','','','2017-01-17 00:00:00',NULL,NULL,NULL),('5d8ea34f-fcd1-43c3-a062-4718c9886652','Инженер-программист','','','','','','','2017-01-17 00:00:00',NULL,NULL,NULL),('3ff4f68b-1858-4fed-b269-3a4838582b5d','Инженер-программист','','','','','','','2017-01-17 00:00:00',NULL,NULL,NULL),('48c2a85c-cc5c-402f-b757-d625369864df','Инженер-программист','','','','','','','2017-01-17 00:00:00',NULL,NULL,NULL),('3cb62b31-b426-48cb-a67f-657d95150b01','Программист-техник','','','','','','','2017-01-17 00:00:00',NULL,NULL,NULL),('86c4ff25-73eb-48c5-9387-04cf80d3fcff','Программист-техник','','','','','','','2017-01-17 00:00:00',NULL,NULL,NULL),('c32374dc-7712-42ab-9795-ff81933b9d54','Программист-техник','','','','','','','2017-01-17 00:00:00',NULL,NULL,NULL),('d462073f-de52-4be5-9ee1-846241c8e789','Программист-техник','','','','','','','2017-01-17 00:00:00',NULL,NULL,NULL),('31bd4189-c940-40c2-8279-d86467762b00','Программист-техник','','','','','','','2017-01-17 00:00:00',NULL,NULL,NULL),('c6a00d6b-f6d1-468e-80a1-e6c6234d1546','Программист-техник','','','','','','','2017-01-17 00:00:00',NULL,NULL,NULL),('04b1a3bc-ace4-4ab0-9008-6b130d9db0fc','Девопс-инженер','','','','','','','2017-01-17 00:00:00',NULL,NULL,NULL);
/*!40000 ALTER TABLE `Empl_imp` ENABLE KEYS */;
UNLOCK TABLES;

--
-- Table structure for table `Employees`
--

DROP TABLE IF EXISTS `Employees`;
/*!40101 SET @saved_cs_client     = @@character_set_client */;
/*!50503 SET character_set_client = utf8mb4 */;
CREATE TABLE `Employees` (
  `id` int NOT NULL AUTO_INCREMENT,
  `guid` varchar(255) DEFAULT NULL,
  `position` varchar(255) CHARACTER SET utf8mb4 COLLATE utf8mb4_0900_ai_ci DEFAULT NULL,
  `firstName` varchar(255) DEFAULT NULL,
  `middleName` varchar(255) DEFAULT NULL,
  `lastName` varchar(255) DEFAULT NULL,
  `email` varchar(255) DEFAULT NULL,
  `createdTimeStamp` datetime DEFAULT NULL,
  `updatedTimeStamp` datetime DEFAULT NULL,
  `deletedTimeStamp` datetime DEFAULT NULL,
  `lastEnterTimeStamp` datetime DEFAULT NULL,
  `login` varchar(255) DEFAULT NULL,
  `password` varchar(255) DEFAULT NULL,
  PRIMARY KEY (`id`)
) ENGINE=InnoDB AUTO_INCREMENT=21 DEFAULT CHARSET=utf8mb4 COLLATE=utf8mb4_0900_ai_ci;
/*!40101 SET character_set_client = @saved_cs_client */;

--
-- Dumping data for table `Employees`
--

LOCK TABLES `Employees` WRITE;
/*!40000 ALTER TABLE `Employees` DISABLE KEYS */;
INSERT INTO `Employees` VALUES (1,'8fde1ea6-5e14-48c9-a297-03fa29dbb3d4','Директор','Петров','Антон','Сергеевич','','2017-01-17 00:00:00',NULL,NULL,NULL,'',''),(2,'497620f0-2f35-4ee5-a842-c44353b8aaca','Менеджер проектов','Антонов','Сергей','Петрович','','2017-01-17 00:00:00',NULL,NULL,NULL,'',''),(3,'e4c86887-f2d5-4f3f-b08a-e847bb5eb59f','Менеджер проектов','Кузнецов','Андрей','Николаевич','','2017-01-17 00:00:00',NULL,NULL,NULL,'',''),(4,'f20ae53b-c876-489c-8f1b-a01a3ddd71c6','Менеджер по кадрам','Смирнов','Антон','Петрович','','2017-01-17 00:00:00',NULL,NULL,NULL,'',''),(5,'ffe2905c-2c71-4af7-b955-9431c6b1ec61','Экономист по сбыту','Петров','Сергей','Иванович','','2017-01-17 00:00:00',NULL,NULL,NULL,'',''),(6,'0ec34aa1-b334-4220-aa57-9e854fa0a754','Аналитик','Иванов','Сергей','Николаевич','','2017-01-17 00:00:00',NULL,NULL,NULL,'',''),(7,'cd8511b4-c39b-48c8-b042-7f7146463b46','Аналитик','Антонов','Антон','Николаевич','','2017-01-17 00:00:00',NULL,NULL,NULL,'',''),(8,'737c580e-42cd-4a1d-94d1-9899a17b71c5','Специалист по внедрению ','Петров','Сергей','Сергеевич','','2017-01-17 00:00:00',NULL,NULL,NULL,'',''),(9,'1f67472c-0bf3-450a-9fd3-2186d5fb6699','Специалист по внедрению ','Кузнецов','Сергей','Иванович','','2017-01-17 00:00:00',NULL,NULL,NULL,'',''),(10,'43e274d9-384d-4e4a-a746-e54403cb0a09','Специалист по внедрению ','Петров','Андрей','Иванович','','2017-01-17 00:00:00',NULL,NULL,NULL,'',''),(11,'5d8ea34f-fcd1-43c3-a062-4718c9886652','Инженер-программист','Смирнов','Антон','Николаевич','','2017-01-17 00:00:00',NULL,NULL,NULL,'',''),(12,'3ff4f68b-1858-4fed-b269-3a4838582b5d','Инженер-программист','Антонов','Сергей','Сергеевич','','2017-01-17 00:00:00',NULL,NULL,NULL,'',''),(13,'48c2a85c-cc5c-402f-b757-d625369864df','Инженер-программист','Антонов','Антон','Иванович','','2017-01-17 00:00:00',NULL,NULL,NULL,'',''),(14,'3cb62b31-b426-48cb-a67f-657d95150b01','Программист-техник','Смирнов','Андрей','Сергеевич','','2017-01-17 00:00:00',NULL,NULL,NULL,'',''),(15,'86c4ff25-73eb-48c5-9387-04cf80d3fcff','Программист-техник','Петров','Антон','Иванович','','2017-01-17 00:00:00',NULL,NULL,NULL,'',''),(16,'c32374dc-7712-42ab-9795-ff81933b9d54','Программист-техник','Антонов','Сергей','Николаевич','','2017-01-17 00:00:00',NULL,NULL,NULL,'',''),(17,'d462073f-de52-4be5-9ee1-846241c8e789','Программист-техник','Антонов','Антон','Сергеевич','','2017-01-17 00:00:00',NULL,NULL,NULL,'',''),(18,'31bd4189-c940-40c2-8279-d86467762b00','Программист-техник','Петров','Андрей','Николаевич','','2017-01-17 00:00:00',NULL,NULL,NULL,'',''),(19,'c6a00d6b-f6d1-468e-80a1-e6c6234d1546','Программист-техник','Кузнецов','Антон','Сергеевич','','2017-01-17 00:00:00',NULL,NULL,NULL,'',''),(20,'04b1a3bc-ace4-4ab0-9008-6b130d9db0fc','Девопс-инженер','Кузнецов','Андрей','Сергеевич','','2017-01-17 00:00:00',NULL,NULL,NULL,'','');
/*!40000 ALTER TABLE `Employees` ENABLE KEYS */;
UNLOCK TABLES;

--
-- Table structure for table `Proj_imp`
--

DROP TABLE IF EXISTS `Proj_imp`;
/*!40101 SET @saved_cs_client     = @@character_set_client */;
/*!50503 SET character_set_client = utf8mb4 */;
CREATE TABLE `Proj_imp` (
  `guid` varchar(50) DEFAULT NULL,
  `fullTitle` varchar(256) DEFAULT NULL,
  `shortTitle` varchar(50) DEFAULT NULL,
  `createdTimeStamp` datetime DEFAULT NULL,
  `deletedTimeStamp` datetime DEFAULT NULL,
  `startScheduledTime` datetime DEFAULT NULL,
  `finishScheduledTime` datetime DEFAULT NULL,
  `description` varchar(512) DEFAULT NULL,
  `creatorEmployeeId` int DEFAULT NULL,
  `responsibleEmployeeId` int DEFAULT NULL
) ENGINE=InnoDB DEFAULT CHARSET=utf8mb4 COLLATE=utf8mb4_0900_ai_ci;
/*!40101 SET character_set_client = @saved_cs_client */;

--
-- Dumping data for table `Proj_imp`
--

LOCK TABLES `Proj_imp` WRITE;
/*!40000 ALTER TABLE `Proj_imp` DISABLE KEYS */;
INSERT INTO `Proj_imp` VALUES ('10925e50-43c9-47a2-a787-9aee92d42887','Автоматизация документооборота в АНОО ДПО Учебно-тренажерный Центр ПРИСКО','ПРИСКОДОК','2017-02-01 00:00:00',NULL,'2017-02-01 00:00:00','2019-01-13 00:00:00','АНОО ДПО Учебно-тренажерный Центр ПРИСКО является организацией дополнительного профессионального образования, т.е. образовательной организацией, осуществляющей в качестве основной цели ее деятельности образовательную деятельность по дополнительным профессиональным программам. Центр реализует следующие образовательные программы для работников, занятых в сфере морского и речного транспорта и других сферах производственной деятельности:',5,NULL),('315b7073-c443-4cb7-9546-21ed9c6baca5','ООО «Чистый город», автоматизация процессов учета, анализа сбора и утилизации отходов у населения и предприятий в 1С:Бухгалтерия 8','ЧГБУХ','2017-07-01 00:00:00',NULL,'2017-07-01 00:00:00','2018-01-20 00:00:00','Наша компания находится в г. Находка. Компания предоставляет услуги по сбору, вывозу и утилизации (захоронению) отходов производства и потребления в Находкинском городском округе.',10,3),('d9683732-82aa-434e-970c-b0fbd312aad4','Внедрение программного продукта 1С:Бухгалтерия 8.3 ПРОФ в ООО Жилсервис','ЖСБУХ','2017-05-05 00:00:00','2017-05-05 00:00:00','2017-05-02 00:00:00','2019-02-02 00:00:00','Типовое внедрение продуктов 1С при расширении штата компании. 5 тонкий клиент. Обучение',3,2),('ffec8cf2-ea61-48e3-aca0-e52e366d2a32','Внедрение программного продукта 1С:Зарплата и кадры государственного учреждения 8. Базовая версия в МБУ ДО Городская детская хоровая школа НГО','ГДХШЗП','2017-10-07 00:00:00','2017-10-24 00:00:00','2017-10-07 00:00:00','2017-12-08 00:00:00','Типовое внедрение продуктов 1С при переходе с другого ПО. 1 Толстый клиент. Обучение',16,21),('91f24317-21ad-4dca-8e2c-4fb59733fa7e','Внедрение программного продукта 1С:Бухгалтерия 8.3 и автоматизация рабочего места кассира в АО Эра-Находка','ЭНБУЗ','2017-11-11 00:00:00','2017-12-20 00:00:00','2017-11-11 00:00:00','2017-12-29 00:00:00','4 Толстый клиент. Обучение. Настройка и Внедрение.',9,NULL),('97d33313-095b-4a76-a32d-877b2729e7e2','Внедрение программного продукта 1С:Бухгалтерия 8.3 Базовая в организации ООО ДАЛЬКОНТЕЙНЕР','ДАЛЬКБУХ','2018-01-05 00:00:00',NULL,'2018-01-05 00:00:00','2018-03-01 00:00:00','1 Толстый клиент. Обучение. Настройка и Внедрение. Кассы',21,14),('9302eb01-1e97-4537-a311-518b09e6b2cb','Внедрение программного продукта 1С:Бухгалтерия государственного учреждения ПРОФ в МБУ ДО Городская детская хоровая школа НГО','ГДХШБУХ','2018-03-02 00:00:00',NULL,'2018-03-02 00:00:00','2018-10-07 00:00:00','2 Толстый клиент. Уже продавали ЗП. Обучение + Внедрение. Бюджетный учет + Аналитика. Надо успеть  до 1 июля.',2,NULL),('fb7f296a-fd0b-4320-b242-8654ba6f5466','Внедрение программного продукта 1С:Бухгалтерия государственного учреждения ПРОФ в УПРАВЛЕНИИ ОПЕКИ И ПОПЕЧИТЕЛЬСТВА АДМИНИСТРАЦИИ НГО','УОПАБУХ','2018-01-11 00:00:00',NULL,'2018-01-11 00:00:00','2018-03-09 00:00:00','2 Толстый клиент. Обучение. Обновление + отраслевая специфика',11,NULL),('3bdb081b-2977-4cfb-9e4a-db8e0e2c3cee','Внедрение программного продукта 1С:Зарплата и кадры государственного учреждения 8 в УПРАВЛЕНИИ ОПЕКИ И ПОПЕЧИТЕЛЬСТВА АДМИНИСТРАЦИИ НГО','УОПАНГОЗП','2018-04-01 00:00:00','2018-04-14 00:00:00','2018-04-01 00:00:00','2018-06-20 00:00:00','2 Толстый клиент. Обучение. Обновление + отраслевая специфика',3,10),('213bfc6c-a987-4e92-8ef7-beb6f142fd22','Внедрение программного продукта 1С:Бухгалтерия 8.3 в организации ООО ПРИМТЕПЛО25','ПРИМТЕПЛО','2019-01-11 00:00:00',NULL,'2019-01-11 00:00:00','2019-03-09 00:00:00','1 Толстый клиент. Подбор отраслевого ПО и оптимизация вариантов сопровождения.',15,4),('2e70eb79-67b3-49b9-8f91-3364c2120fc8','Внедрение программного продукта 1С:Зарплата и управление персоналом 8 ПРОФ в ООО Звезда','ЗВЗЗП','2019-03-14 00:00:00','2019-03-14 00:00:00','2019-03-14 00:00:00','2019-07-30 00:00:00','Филиал сети фитнес-центов Мастер Джим г. Находка. Расширение персонала. 5 Толстый клиент. ',NULL,NULL),('a44fe4a3-966a-45be-93ba-8962811ffa72','Внедрение программного продукта 1С:Бухгалтерия 8.3 Базовая в компании ООО НАХОДКАСТАТУССТРОЙ','НССБУХ','2020-06-07 00:00:00',NULL,'2020-06-07 00:00:00','2020-08-31 00:00:00','Первичная автомматизация учета. 1 рабочее место.',6,12),('e8819be9-b47d-4027-b06e-dec56f1fdb46','В ООО ЖЭУ - ВОЛЧАНЕЦ внедрен ПП Инфокрафт: Формула ЖКХ','ЖЭУВОЛЧ','2020-07-19 00:00:00','2020-09-30 00:00:00','2020-07-19 00:00:00','2021-04-04 00:00:00','см. Обследование_волчанец.docx',14,14),('5e107f38-c172-47e5-9f85-1dcc00f6e706','Внедрение 1С:Розница ПРОФ c использованием облачного сервиса 1С:Предприятие 8 через Интернет (1cfresh.com) в сети магазинов Джинсовый мир','ДМФРЭШ','2021-01-11 00:00:00',NULL,'2021-01-11 00:00:00','2021-09-07 00:00:00','Внедрение CRM системы и веб-интерфейса 1С. 8 Мест. Обучение и сопровождение. Настройка скидочных программ. Настройка интеграции с поставщиками и подряжчиками. ',1,NULL),('61fde948-8a3b-4964-a986-bad61ee4de77','Внедрение программного продукта 1С:Зарплата и кадры государственного учреждения 8 Находкинский филиал МГУ им. адм. Г.И. Невельского','МГУНЗП','2021-01-31 00:00:00',NULL,'2021-01-31 00:00:00','2021-07-15 00:00:00','Переход с 7.7. 2 Толстый клиент. Внедерение документооборота и почасового учета. Сопровождение.',4,11),('4afcbfe8-5cb9-4cb2-bda6-2dd94ca819e2','Внедрение программного продукта 1С:Управление нашей фирмой 8 ПРОФ c использованием облачного сервиса 1С:Предприятие 8 через Интернет (1cfresh.com) в салоне красоты ИП Устинов А.В.','УСТУНФ','2021-04-02 00:00:00',NULL,'2021-04-02 00:00:00','2021-06-01 00:00:00','2 Толстый клиент, 2 терминал веб. Обучение.  Закупки. Внедрение и сопровождение.',23,NULL),('6921ce70-e795-488f-b20d-32e74a3d0fd7','Внедрение программного продукта 1С:Зарплата и управление персоналом 8 ПРОФ в ООО Мик Восток','МКВЗП','2021-06-11 00:00:00',NULL,'2021-06-11 00:00:00','2021-10-01 00:00:00','2 Толстый клиент. Обучение и внедрение.',24,1),('06ff032d-1ee1-4fd8-aaaa-0b8ccf357b5d','Внедрение программного продукта 1С Битрикс в в ООО Мик Восток ','МКВБИТ','2021-11-19 00:00:00',NULL,'2021-11-19 00:00:00','2022-04-02 00:00:00','Разработка корпоративного портала компании для сбора обращений граждан и проведения опросов по предоставлению услуг передачи пара и горячей воды для населения.',18,NULL),('10853ecf-d7cd-4ce1-8f39-25044b8ddc05','Внедрение программного продукта 1С:Предприятие 8. Смета 3 в ООО Восточный Берег','ВБСМЕТА','2022-01-03 00:00:00',NULL,'2022-01-03 00:00:00','2022-07-30 00:00:00','Внедрение и поставка продукта. Обучение. 1 Толстый клиент',17,22),('3d1c7428-9b11-44ba-a32c-fa1d813f0fb4','Внедрение корпоративного портала для Формула ЖКХ ТСН ТСЖ Эверест на базе 1С:Битрикс ','ТСЖЭБУХ','2022-02-07 00:00:00',NULL,'2022-02-07 00:00:00','2022-09-01 00:00:00','ТСН ТСЖЭВЕРЕСТ оказывает стандартный комплекс услуг в сфере ЖКХ: управление многоквартирными домами: содержание, текущий и капитальный ремонт общего имущества в многоквартирных домах, обеспечение отопления.',12,NULL),('2fc1bd63-bd8a-48a0-9b6f-376aceba6204','Разработка и внедрение telegram бота + Инфокрафт: Формула ЖКХ ТСН ТСЖ Эверест','ТСЖЭTG','2022-05-30 00:00:00',NULL,'2022-05-30 00:00:00','2022-12-30 00:00:00','Расширяя функциональные вохможности и удобства использования корпоративным порталом нуобходимо спроектировать чат-бота для быстрого оказания сервисных функций для владельцев и арендаторов ТСЖ Эверест.  Обязательными функциями являются оплата коммунальных платежей, подача заявлений / жалоб, решение оперативных вопросов с парковкой.',13,5),('ecc0e655-8245-4575-82f8-ced9c9e11052','Внедрение 1С:Медицина. Больничная аптека в ФГБУЗ Медико-санитарная часть №100 ФМБА России','ФМБАРФ','2022-01-05 00:00:00',NULL,'2023-01-05 00:00:00','2023-12-24 00:00:00','Федеральное   государственное бюджетное учреждение здравоохранения «Медико-санитарная часть №100 Федерального медико-биологического агентства» (ФГБУЗ МСЧ №100 ФМБА России) создано на основании распоряжения Правительства Российской Федерации от 01.12.2007 г. №1722-р и в соответствии с приказом Федерального медико-биологического агентства от 07.12.2007 г. № 340.  Дата государственной регистрации 21.12.2007 года.',20,NULL),('a12b1701-3526-46dc-88c5-66f2d65a2cda','Разработка сервиса публикации данных на торговые площадки в ООО ДальИмпортЗапчасти','СРВДИЗ','2022-03-03 00:00:00','2022-03-22 00:00:00','2022-12-15 00:00:00','2023-08-12 00:00:00','Система бухгалтерского учета 1С:Бухгалтерия 8 необходимо подружить с 4 маркетплейсами - wildberries, aliexpress, ozon и sbermarket для синхронизации информации между площадками и учетной системой в один клик. Добавить функции ответов и комментирования в 1С:Бухгалтерия 8',19,6),('c53b6e60-0bc2-4a82-bcf7-98b67db2b46e','Автоматизация учета МУП Находка-Водоканал на базе ПП 1С:Бухгалтерия 8 + Инфокрафт: Формула ЖКХ','ВОДОКАНАЛ','2022-10-09 00:00:00',NULL,'2022-10-09 00:00:00','2023-09-01 00:00:00','ООО «Водоканал» – крупнейшее инженерное хозяйство города Находка, занимающееся подачей воды, приёмом и очисткой сточных вод, обслуживанием сетей водоснабжения и водоотведения.',NULL,NULL),('673da0e2-6584-4a49-84f9-69806b0d82af','Разработка конкурсного задания по компетенции Программные решения для бизнеса','ЗАДАНИЕ09','2023-04-01 00:00:00',NULL,'2023-04-01 00:00:00','2023-07-11 00:00:00','Подготовить задание на разработку программного обеспечения, учитывающего специфику типовых задач профессиональной деятельности программиста-техника ',7,7);
/*!40000 ALTER TABLE `Proj_imp` ENABLE KEYS */;
UNLOCK TABLES;

--
-- Table structure for table `Project`
--

DROP TABLE IF EXISTS `Project`;
/*!40101 SET @saved_cs_client     = @@character_set_client */;
/*!50503 SET character_set_client = utf8mb4 */;
CREATE TABLE `Project` (
  `id` int NOT NULL AUTO_INCREMENT,
  `icon` varchar(255) DEFAULT NULL,
  `fullTitle` varchar(255) DEFAULT NULL,
  `shortTitle` varchar(255) DEFAULT NULL,
  `createdTimeStamp` datetime DEFAULT NULL,
  `deletedTimeStamp` datetime DEFAULT NULL,
  `startScheduledTime` datetime DEFAULT NULL,
  `finishScheduledTime` datetime DEFAULT NULL,
  `description` text,
  `creatorEmployeeId` int DEFAULT NULL,
  `responsibleEmployeeId` int DEFAULT NULL,
  `guid` varchar(255) CHARACTER SET utf8mb4 COLLATE utf8mb4_0900_ai_ci DEFAULT NULL,
  PRIMARY KEY (`id`),
  KEY `FK_creatorEmployeeId` (`creatorEmployeeId`),
  KEY `FK_responsibleEmployeeId` (`responsibleEmployeeId`),
  CONSTRAINT `FK_creatorEmployeeId` FOREIGN KEY (`creatorEmployeeId`) REFERENCES `Employees` (`id`),
  CONSTRAINT `FK_responsibleEmployeeId` FOREIGN KEY (`responsibleEmployeeId`) REFERENCES `Employees` (`id`)
) ENGINE=InnoDB AUTO_INCREMENT=43 DEFAULT CHARSET=utf8mb4 COLLATE=utf8mb4_0900_ai_ci;
/*!40101 SET character_set_client = @saved_cs_client */;

--
-- Dumping data for table `Project`
--

LOCK TABLES `Project` WRITE;
/*!40000 ALTER TABLE `Project` DISABLE KEYS */;
INSERT INTO `Project` VALUES (1,NULL,'Автоматизация документооборота в АНОО ДПО Учебно-тренажерный Центр ПРИСКО','ПРИСКОДОК','2017-02-01 00:00:00',NULL,'2017-02-01 00:00:00','2019-01-13 00:00:00','АНОО ДПО Учебно-тренажерный Центр ПРИСКО является организацией дополнительного профессионального образования, т.е. образовательной организацией, осуществляющей в качестве основной цели ее деятельности образовательную деятельность по дополнительным профессиональным программам. Центр реализует следующие образовательные программы для работников, занятых в сфере морского и речного транспорта и других сферах производственной деятельности:',5,5,'10925e50-43c9-47a2-a787-9aee92d42887'),(2,NULL,'Внедрение программного продукта 1С:Бухгалтерия 8.3 ПРОФ в ООО Жилсервис','ЖСБУХ','2017-05-05 00:00:00','2017-05-05 00:00:00','2017-05-02 00:00:00','2019-02-02 00:00:00','Типовое внедрение продуктов 1С при расширении штата компании. 5 тонкий клиент. Обучение',3,7,'d9683732-82aa-434e-970c-b0fbd312aad4'),(3,NULL,'Внедрение программного продукта 1С:Бухгалтерия государственного учреждения ПРОФ в УПРАВЛЕНИИ ОПЕКИ И ПОПЕЧИТЕЛЬСТВА АДМИНИСТРАЦИИ НГО','УОПАБУХ','2018-01-11 00:00:00',NULL,'2018-01-11 00:00:00','2018-03-09 00:00:00','2 Толстый клиент. Обучение. Обновление + отраслевая специфика',11,18,'fb7f296a-fd0b-4320-b242-8654ba6f5466'),(4,NULL,'Автоматизация документооборота в АНОО ДПО Учебно-тренажерный Центр ПРИСКО','ПРИСКОДОК','2017-02-01 00:00:00',NULL,'2017-02-01 00:00:00','2019-01-13 00:00:00','АНОО ДПО Учебно-тренажерный Центр ПРИСКО является организацией дополнительного профессионального образования, т.е. образовательной организацией, осуществляющей в качестве основной цели ее деятельности образовательную деятельность по дополнительным профессиональным программам. Центр реализует следующие образовательные программы для работников, занятых в сфере морского и речного транспорта и других сферах производственной деятельности:',5,NULL,'10925e50-43c9-47a2-a787-9aee92d42887'),(5,NULL,'Внедрение программного продукта 1С:Бухгалтерия 8.3 ПРОФ в ООО Жилсервис','ЖСБУХ','2017-05-05 00:00:00','2017-05-05 00:00:00','2017-05-02 00:00:00','2019-02-02 00:00:00','Типовое внедрение продуктов 1С при расширении штата компании. 5 тонкий клиент. Обучение',3,NULL,'d9683732-82aa-434e-970c-b0fbd312aad4'),(6,NULL,'Внедрение программного продукта 1С:Зарплата и кадры государственного учреждения 8. Базовая версия в МБУ ДО Городская детская хоровая школа НГО','ГДХШЗП','2017-10-07 00:00:00','2017-10-24 00:00:00','2017-10-07 00:00:00','2017-12-08 00:00:00','Типовое внедрение продуктов 1С при переходе с другого ПО. 1 Толстый клиент. Обучение',16,NULL,'ffec8cf2-ea61-48e3-aca0-e52e366d2a32'),(7,NULL,'Внедрение программного продукта 1С:Бухгалтерия 8.3 и автоматизация рабочего места кассира в АО Эра-Находка','ЭНБУЗ','2017-11-11 00:00:00','2017-12-20 00:00:00','2017-11-11 00:00:00','2017-12-29 00:00:00','4 Толстый клиент. Обучение. Настройка и Внедрение.',9,NULL,'91f24317-21ad-4dca-8e2c-4fb59733fa7e'),(8,NULL,'Внедрение программного продукта 1С:Бухгалтерия государственного учреждения ПРОФ в УПРАВЛЕНИИ ОПЕКИ И ПОПЕЧИТЕЛЬСТВА АДМИНИСТРАЦИИ НГО','УОПАБУХ','2018-01-11 00:00:00',NULL,'2018-01-11 00:00:00','2018-03-09 00:00:00','2 Толстый клиент. Обучение. Обновление + отраслевая специфика',11,NULL,'fb7f296a-fd0b-4320-b242-8654ba6f5466'),(9,NULL,'Внедрение программного продукта 1С:Бухгалтерия 8.3 в организации ООО ПРИМТЕПЛО25','ПРИМТЕПЛО','2019-01-11 00:00:00',NULL,'2019-01-11 00:00:00','2019-03-09 00:00:00','1 Толстый клиент. Подбор отраслевого ПО и оптимизация вариантов сопровождения.',15,NULL,'213bfc6c-a987-4e92-8ef7-beb6f142fd22'),(10,NULL,'Внедрение программного продукта 1С:Бухгалтерия 8.3 Базовая в компании ООО НАХОДКАСТАТУССТРОЙ','НССБУХ','2020-06-07 00:00:00',NULL,'2020-06-07 00:00:00','2020-08-31 00:00:00','Первичная автомматизация учета. 1 рабочее место.',6,12,'a44fe4a3-966a-45be-93ba-8962811ffa72'),(11,NULL,'В ООО ЖЭУ - ВОЛЧАНЕЦ внедрен ПП Инфокрафт: Формула ЖКХ','ЖЭУВОЛЧ','2020-07-19 00:00:00','2020-09-30 00:00:00','2020-07-19 00:00:00','2021-04-04 00:00:00','см. Обследование_волчанец.docx',14,NULL,'e8819be9-b47d-4027-b06e-dec56f1fdb46'),(12,NULL,'Внедрение программного продукта 1С:Зарплата и кадры государственного учреждения 8 Находкинский филиал МГУ им. адм. Г.И. Невельского','МГУНЗП','2021-01-31 00:00:00',NULL,'2021-01-31 00:00:00','2021-07-15 00:00:00','Переход с 7.7. 2 Толстый клиент. Внедерение документооборота и почасового учета. Сопровождение.',4,NULL,'61fde948-8a3b-4964-a986-bad61ee4de77'),(13,NULL,'Внедрение программного продукта 1С:Предприятие 8. Смета 3 в ООО Восточный Берег','ВБСМЕТА','2022-01-03 00:00:00',NULL,'2022-01-03 00:00:00','2022-07-30 00:00:00','Внедрение и поставка продукта. Обучение. 1 Толстый клиент',17,NULL,'10853ecf-d7cd-4ce1-8f39-25044b8ddc05'),(14,NULL,'Разработка и внедрение telegram бота + Инфокрафт: Формула ЖКХ ТСН ТСЖ Эверест','ТСЖЭTG','2022-05-30 00:00:00',NULL,'2022-05-30 00:00:00','2022-12-30 00:00:00','Расширяя функциональные вохможности и удобства использования корпоративным порталом нуобходимо спроектировать чат-бота для быстрого оказания сервисных функций для владельцев и арендаторов ТСЖ Эверест.  Обязательными функциями являются оплата коммунальных платежей, подача заявлений / жалоб, решение оперативных вопросов с парковкой.',13,NULL,'2fc1bd63-bd8a-48a0-9b6f-376aceba6204'),(15,NULL,'Внедрение 1С:Медицина. Больничная аптека в ФГБУЗ Медико-санитарная часть №100 ФМБА России','ФМБАРФ','2022-01-05 00:00:00',NULL,'2023-01-05 00:00:00','2023-12-24 00:00:00','Федеральное   государственное бюджетное учреждение здравоохранения «Медико-санитарная часть №100 Федерального медико-биологического агентства» (ФГБУЗ МСЧ №100 ФМБА России) создано на основании распоряжения Правительства Российской Федерации от 01.12.2007 г. №1722-р и в соответствии с приказом Федерального медико-биологического агентства от 07.12.2007 г. № 340.  Дата государственной регистрации 21.12.2007 года.',20,NULL,'ecc0e655-8245-4575-82f8-ced9c9e11052'),(16,NULL,'Разработка сервиса публикации данных на торговые площадки в ООО ДальИмпортЗапчасти','СРВДИЗ','2022-03-03 00:00:00','2022-03-22 00:00:00','2022-12-15 00:00:00','2023-08-12 00:00:00','Система бухгалтерского учета 1С:Бухгалтерия 8 необходимо подружить с 4 маркетплейсами - wildberries, aliexpress, ozon и sbermarket для синхронизации информации между площадками и учетной системой в один клик. Добавить функции ответов и комментирования в 1С:Бухгалтерия 8',19,NULL,'a12b1701-3526-46dc-88c5-66f2d65a2cda'),(17,NULL,'Разработка конкурсного задания по компетенции Программные решения для бизнеса','ЗАДАНИЕ09','2023-04-01 00:00:00',NULL,'2023-04-01 00:00:00','2023-07-11 00:00:00','Подготовить задание на разработку программного обеспечения, учитывающего специфику типовых задач профессиональной деятельности программиста-техника ',7,NULL,'673da0e2-6584-4a49-84f9-69806b0d82af'),(18,NULL,'ООО «Чистый город», автоматизация процессов учета, анализа сбора и утилизации отходов у населения и предприятий в 1С:Бухгалтерия 8','ЧГБУХ','2017-07-01 00:00:00',NULL,'2017-07-01 00:00:00','2018-01-20 00:00:00','Наша компания находится в г. Находка. Компания предоставляет услуги по сбору, вывозу и утилизации (захоронению) отходов производства и потребления в Находкинском городском округе.',10,3,'315b7073-c443-4cb7-9546-21ed9c6baca5'),(19,NULL,'Внедрение программного продукта 1С:Бухгалтерия 8.3 ПРОФ в ООО Жилсервис','ЖСБУХ','2017-05-05 00:00:00','2017-05-05 00:00:00','2017-05-02 00:00:00','2019-02-02 00:00:00','Типовое внедрение продуктов 1С при расширении штата компании. 5 тонкий клиент. Обучение',3,2,'d9683732-82aa-434e-970c-b0fbd312aad4'),(20,NULL,'Внедрение программного продукта 1С:Зарплата и кадры государственного учреждения 8 в УПРАВЛЕНИИ ОПЕКИ И ПОПЕЧИТЕЛЬСТВА АДМИНИСТРАЦИИ НГО','УОПАНГОЗП','2018-04-01 00:00:00','2018-04-14 00:00:00','2018-04-01 00:00:00','2018-06-20 00:00:00','2 Толстый клиент. Обучение. Обновление + отраслевая специфика',3,10,'3bdb081b-2977-4cfb-9e4a-db8e0e2c3cee'),(21,NULL,'Внедрение программного продукта 1С:Бухгалтерия 8.3 в организации ООО ПРИМТЕПЛО25','ПРИМТЕПЛО','2019-01-11 00:00:00',NULL,'2019-01-11 00:00:00','2019-03-09 00:00:00','1 Толстый клиент. Подбор отраслевого ПО и оптимизация вариантов сопровождения.',15,4,'213bfc6c-a987-4e92-8ef7-beb6f142fd22'),(22,NULL,'Внедрение программного продукта 1С:Бухгалтерия 8.3 Базовая в компании ООО НАХОДКАСТАТУССТРОЙ','НССБУХ','2020-06-07 00:00:00',NULL,'2020-06-07 00:00:00','2020-08-31 00:00:00','Первичная автомматизация учета. 1 рабочее место.',6,12,'a44fe4a3-966a-45be-93ba-8962811ffa72'),(23,NULL,'В ООО ЖЭУ - ВОЛЧАНЕЦ внедрен ПП Инфокрафт: Формула ЖКХ','ЖЭУВОЛЧ','2020-07-19 00:00:00','2020-09-30 00:00:00','2020-07-19 00:00:00','2021-04-04 00:00:00','см. Обследование_волчанец.docx',14,14,'e8819be9-b47d-4027-b06e-dec56f1fdb46'),(24,NULL,'Внедрение программного продукта 1С:Зарплата и кадры государственного учреждения 8 Находкинский филиал МГУ им. адм. Г.И. Невельского','МГУНЗП','2021-01-31 00:00:00',NULL,'2021-01-31 00:00:00','2021-07-15 00:00:00','Переход с 7.7. 2 Толстый клиент. Внедерение документооборота и почасового учета. Сопровождение.',4,11,'61fde948-8a3b-4964-a986-bad61ee4de77'),(25,NULL,'Разработка и внедрение telegram бота + Инфокрафт: Формула ЖКХ ТСН ТСЖ Эверест','ТСЖЭTG','2022-05-30 00:00:00',NULL,'2022-05-30 00:00:00','2022-12-30 00:00:00','Расширяя функциональные вохможности и удобства использования корпоративным порталом нуобходимо спроектировать чат-бота для быстрого оказания сервисных функций для владельцев и арендаторов ТСЖ Эверест.  Обязательными функциями являются оплата коммунальных платежей, подача заявлений / жалоб, решение оперативных вопросов с парковкой.',13,5,'2fc1bd63-bd8a-48a0-9b6f-376aceba6204');
/*!40000 ALTER TABLE `Project` ENABLE KEYS */;
UNLOCK TABLES;

--
-- Table structure for table `Task`
--

DROP TABLE IF EXISTS `Task`;
/*!40101 SET @saved_cs_client     = @@character_set_client */;
/*!50503 SET character_set_client = utf8mb4 */;
CREATE TABLE `Task` (
  `id` int NOT NULL AUTO_INCREMENT,
  `fullTitle` varchar(255) DEFAULT NULL,
  `shortTitle` varchar(255) DEFAULT NULL,
  `startActualTime` datetime DEFAULT NULL,
  `finishActualTime` datetime DEFAULT NULL,
  `createdTime` datetime DEFAULT NULL,
  `updateTime` datetime DEFAULT NULL,
  `deletedTime` datetime DEFAULT NULL,
  `deadline` date DEFAULT NULL,
  `description` text,
  `statusId` int DEFAULT NULL,
  `projectId` int DEFAULT NULL,
  `executiveEmployeeId` int DEFAULT NULL,
  `previousTaskId` int DEFAULT NULL,
  PRIMARY KEY (`id`),
  KEY `statusId` (`statusId`),
  KEY `projectId` (`projectId`),
  KEY `previousTaskId` (`previousTaskId`),
  KEY `executiveEmployeeId` (`executiveEmployeeId`),
  CONSTRAINT `Task_ibfk_1` FOREIGN KEY (`statusId`) REFERENCES `TaskStatus` (`id`),
  CONSTRAINT `Task_ibfk_2` FOREIGN KEY (`projectId`) REFERENCES `Project` (`id`),
  CONSTRAINT `Task_ibfk_3` FOREIGN KEY (`previousTaskId`) REFERENCES `Project` (`id`),
  CONSTRAINT `Task_ibfk_4` FOREIGN KEY (`executiveEmployeeId`) REFERENCES `Employees` (`id`)
) ENGINE=InnoDB AUTO_INCREMENT=63 DEFAULT CHARSET=utf8mb4 COLLATE=utf8mb4_0900_ai_ci;
/*!40101 SET character_set_client = @saved_cs_client */;

--
-- Dumping data for table `Task`
--

LOCK TABLES `Task` WRITE;
/*!40000 ALTER TABLE `Task` DISABLE KEYS */;
INSERT INTO `Task` VALUES (13,'Сбор и анализ требований заказчика к автоматизированной системе','ПРИСКОДОК-01','2017-02-01 00:00:00','2017-02-14 00:00:00','2017-02-01 00:00:00','2017-02-14 00:00:00',NULL,'2017-02-15','',2,1,1,NULL),(14,'Планирование этапов работ, составление календарного плана работ','ПРИСКОДОК-02','2017-02-15 00:00:00','2017-06-07 00:00:00','2017-02-01 00:00:00','2017-06-07 00:00:00',NULL,'2017-06-08','',4,1,NULL,NULL),(15,'Ввод связанных документов Заявки, Приказы, Экзаменационные ведомости, Протоколы','ПРИСКОДОК-05','2017-10-01 00:00:00','2017-11-07 00:00:00','2017-02-01 00:00:00','2017-11-07 00:00:00',NULL,'2017-11-08','',2,2,12,NULL),(16,'Прайс курсов','ПРИСКОДОК-07','2017-12-25 00:00:00','2018-01-14 00:00:00','2017-02-01 00:00:00','2018-01-14 00:00:00',NULL,'2018-01-14','',1,1,3,NULL),(17,'Учет оплаты курсов','ПРИСКОДОК-08','2018-01-14 00:00:00','2017-01-30 00:00:00','2017-02-01 00:00:00','2017-01-30 00:00:00',NULL,'2018-01-30','',5,1,NULL,NULL),(18,'Формирование отчетов по морякам, сертификатам','ПРИСКОДОК-09','2018-01-30 00:00:00','2018-02-14 00:00:00','2017-02-01 00:00:00','2018-02-14 00:00:00',NULL,'2018-02-21','',5,1,NULL,NULL),(19,'Установка программного обеспечения на компьютеры заказчика ','ПРИСКОДОК-10','2018-02-21 00:00:00','2018-03-10 00:00:00','2017-02-01 00:00:00','2018-03-10 00:00:00',NULL,'2018-03-12','',5,17,NULL,NULL),(20,'Разработка методического обеспечения специфических особенностей учета и управления в системе автоматизации (требования к адаптации)','ПРИСКОДОК-11','2018-03-12 00:00:00','2018-04-01 00:00:00','2017-02-01 00:00:00','2018-04-01 00:00:00',NULL,'2018-04-14','',5,1,14,NULL),(21,'Обучение персонала работе с программой/системой','ПРИСКОДОК-12','2018-04-14 00:00:00','2018-11-11 00:00:00','2017-02-01 00:00:00','2018-11-11 00:00:00',NULL,'2019-01-13','',5,7,NULL,NULL),(22,'Индивидуальное обучение в офисе заказчика','ПРИСКОДОК-13','2018-09-01 00:00:00','2019-01-13 00:00:00','2017-02-01 00:00:00','2019-01-13 00:00:00',NULL,'2019-01-13','',5,10,15,NULL),(23,'Сбор и анализ требований заказчика к автоматизированной системе','ЧГБУХ-01','2017-07-01 00:00:00','2017-07-21 00:00:00','2017-07-01 00:00:00','2017-07-21 00:00:00',NULL,'2017-07-21','',5,6,NULL,NULL),(24,'Планирование этапов работ, составление календарного плана работ','ЧГБУХ-02','2017-07-25 00:00:00','2017-08-03 00:00:00','2017-07-01 00:00:00','2017-08-03 00:00:00',NULL,'2017-08-03','',5,8,NULL,NULL),(25,'Техническая реализация специфических особенностей учета и управления в системе автоматизации (адаптация)','ЧГБУХ-03','2017-08-04 00:00:00','2017-08-31 00:00:00','2017-07-01 00:00:00','2017-08-31 00:00:00',NULL,'2017-08-31','',5,6,6,NULL),(26,'Создание интерфейсов и наборов прав пользователей','ЧГБУХ-04','2017-09-01 00:00:00','2017-09-29 00:00:00','2017-07-01 00:00:00','2017-09-29 00:00:00',NULL,'2017-09-29','',5,16,11,NULL),(27,'\"Интеграция с другими системами на базе \"\"1С:Предприятия\"\"\"','ЧГБУХ-05','2017-09-30 00:00:00','2017-11-13 00:00:00','2017-07-01 00:00:00','2017-11-13 00:00:00',NULL,'2017-11-13','',1,14,NULL,NULL),(28,'Методическое обеспечение специфических особенностей учета и управления в системе автоматизации (требования к адаптации)','ЧГБУХ-06','2017-11-15 00:00:00','2017-11-30 00:00:00','2017-07-01 00:00:00','2017-11-30 00:00:00',NULL,'2017-11-30','',5,1,17,NULL),(29,'Индивидуальное обучение в офисе заказчика','ЧГБУХ-07','2017-12-01 00:00:00','2017-12-14 00:00:00','2017-07-01 00:00:00','2017-12-14 00:00:00',NULL,'2017-12-14','',5,11,NULL,NULL),(30,'Дистанционное обучение пользователей','ЧГБУХ-08','2017-12-01 00:00:00','2018-01-20 00:00:00','2017-07-01 00:00:00','2018-01-20 00:00:00',NULL,'2018-01-20','',5,24,NULL,NULL),(31,'Консультации по выбору программного обеспечения и вариантов его сопровождения','ЭНБУЗ-01','2017-11-11 00:00:00','2017-12-01 00:00:00','2017-11-11 00:00:00','2017-11-11 00:00:00','2017-12-20 00:00:00',NULL,'',5,17,NULL,NULL),(44,'Сбор и анализ требований заказчика к автоматизированной системе','ПРИСКОДОК-01','2017-02-01 00:00:00','2017-02-14 00:00:00','2017-02-01 00:00:00','2017-02-14 00:00:00',NULL,'2017-02-15','',2,1,1,NULL),(45,'Планирование этапов работ, составление календарного плана работ','ПРИСКОДОК-02','2017-02-15 00:00:00','2017-06-07 00:00:00','2017-02-01 00:00:00','2017-06-07 00:00:00',NULL,'2017-06-08','',4,22,NULL,NULL),(46,'Ввод связанных документов Заявки, Приказы, Экзаменационные ведомости, Протоколы','ПРИСКОДОК-05','2017-10-01 00:00:00','2017-11-07 00:00:00','2017-02-01 00:00:00','2017-11-07 00:00:00',NULL,'2017-11-08','',2,25,12,NULL),(47,'Прайс курсов','ПРИСКОДОК-07','2017-12-25 00:00:00','2018-01-14 00:00:00','2017-02-01 00:00:00','2018-01-14 00:00:00',NULL,'2018-01-14','',1,3,3,NULL),(48,'Учет оплаты курсов','ПРИСКОДОК-08','2018-01-14 00:00:00','2017-01-30 00:00:00','2017-02-01 00:00:00','2017-01-30 00:00:00',NULL,'2018-01-30','',5,19,NULL,NULL),(49,'Формирование отчетов по морякам, сертификатам','ПРИСКОДОК-09','2018-01-30 00:00:00','2018-02-14 00:00:00','2017-02-01 00:00:00','2018-02-14 00:00:00',NULL,'2018-02-21','',5,2,NULL,NULL),(50,'Установка программного обеспечения на компьютеры заказчика ','ПРИСКОДОК-10','2018-02-21 00:00:00','2018-03-10 00:00:00','2017-02-01 00:00:00','2018-03-10 00:00:00',NULL,'2018-03-12','',5,17,NULL,NULL),(51,'Разработка методического обеспечения специфических особенностей учета и управления в системе автоматизации (требования к адаптации)','ПРИСКОДОК-11','2018-03-12 00:00:00','2018-04-01 00:00:00','2017-02-01 00:00:00','2018-04-01 00:00:00',NULL,'2018-04-14','',5,1,14,NULL),(52,'Обучение персонала работе с программой/системой','ПРИСКОДОК-12','2018-04-14 00:00:00','2018-11-11 00:00:00','2017-02-01 00:00:00','2018-11-11 00:00:00',NULL,'2019-01-13','',5,7,NULL,NULL),(53,'Индивидуальное обучение в офисе заказчика','ПРИСКОДОК-13','2018-09-01 00:00:00','2019-01-13 00:00:00','2017-02-01 00:00:00','2019-01-13 00:00:00',NULL,'2019-01-13','',5,10,15,NULL),(54,'Сбор и анализ требований заказчика к автоматизированной системе','ЧГБУХ-01','2017-07-01 00:00:00','2017-07-21 00:00:00','2017-07-01 00:00:00','2017-07-21 00:00:00',NULL,'2017-07-21','',5,6,NULL,NULL),(55,'Планирование этапов работ, составление календарного плана работ','ЧГБУХ-02','2017-07-25 00:00:00','2017-08-03 00:00:00','2017-07-01 00:00:00','2017-08-03 00:00:00',NULL,'2017-08-03','',5,8,NULL,NULL),(56,'Техническая реализация специфических особенностей учета и управления в системе автоматизации (адаптация)','ЧГБУХ-03','2017-08-04 00:00:00','2017-08-31 00:00:00','2017-07-01 00:00:00','2017-08-31 00:00:00',NULL,'2017-08-31','',5,6,NULL,NULL),(57,'Создание интерфейсов и наборов прав пользователей','ЧГБУХ-04','2017-09-01 00:00:00','2017-09-29 00:00:00','2017-07-01 00:00:00','2017-09-29 00:00:00',NULL,'2017-09-29','',5,16,7,NULL),(58,'\"Интеграция с другими системами на базе \"\"1С:Предприятия\"\"\"','ЧГБУХ-05','2017-09-30 00:00:00','2017-11-13 00:00:00','2017-07-01 00:00:00','2017-11-13 00:00:00',NULL,'2017-11-13','',1,14,NULL,NULL),(59,'Методическое обеспечение специфических особенностей учета и управления в системе автоматизации (требования к адаптации)','ЧГБУХ-06','2017-11-15 00:00:00','2017-11-30 00:00:00','2017-07-01 00:00:00','2017-11-30 00:00:00',NULL,'2017-11-30','',5,13,NULL,NULL),(60,'Индивидуальное обучение в офисе заказчика','ЧГБУХ-07','2017-12-01 00:00:00','2017-12-14 00:00:00','2017-07-01 00:00:00','2017-12-14 00:00:00',NULL,'2017-12-14','',5,11,18,NULL),(61,'Дистанционное обучение пользователей','ЧГБУХ-08','2017-12-01 00:00:00','2018-01-20 00:00:00','2017-07-01 00:00:00','2018-01-20 00:00:00',NULL,'2018-01-20','',5,24,NULL,NULL),(62,'Консультации по выбору программного обеспечения и вариантов его сопровождения','ЭНБУЗ-01','2017-11-11 00:00:00','2017-12-01 00:00:00','2017-11-11 00:00:00','2017-11-11 00:00:00','2017-12-20 00:00:00',NULL,'',5,17,NULL,NULL);
/*!40000 ALTER TABLE `Task` ENABLE KEYS */;
UNLOCK TABLES;

--
-- Table structure for table `TaskStatus`
--

DROP TABLE IF EXISTS `TaskStatus`;
/*!40101 SET @saved_cs_client     = @@character_set_client */;
/*!50503 SET character_set_client = utf8mb4 */;
CREATE TABLE `TaskStatus` (
  `id` int NOT NULL AUTO_INCREMENT,
  `name` varchar(255) DEFAULT NULL,
  `colorHex` varchar(8) DEFAULT NULL,
  PRIMARY KEY (`id`)
) ENGINE=InnoDB AUTO_INCREMENT=9 DEFAULT CHARSET=utf8mb4 COLLATE=utf8mb4_0900_ai_ci;
/*!40101 SET character_set_client = @saved_cs_client */;

--
-- Dumping data for table `TaskStatus`
--

LOCK TABLES `TaskStatus` WRITE;
/*!40000 ALTER TABLE `TaskStatus` DISABLE KEYS */;
INSERT INTO `TaskStatus` VALUES (1,'СРОЧНО! ПОЖАР!','#ee3434'),(2,'Открыта','#d234ed'),(3,'В работе','#349bed'),(4,'Условно завершена (ждет контроля постановщиком)','#34ed78'),(5,'Закрыта','#848484'),(6,'Отложена','#c7c7c7');
/*!40000 ALTER TABLE `TaskStatus` ENABLE KEYS */;
UNLOCK TABLES;

--
-- Table structure for table `Task_import`
--

DROP TABLE IF EXISTS `Task_import`;
/*!40101 SET @saved_cs_client     = @@character_set_client */;
/*!50503 SET character_set_client = utf8mb4 */;
CREATE TABLE `Task_import` (
  `shortTitle` varchar(50) DEFAULT NULL,
  `fullTitle` varchar(256) DEFAULT NULL,
  `description` varchar(50) DEFAULT NULL,
  `executiveEmployeeId` int DEFAULT NULL,
  `statusId` int DEFAULT NULL,
  `createdTime` datetime DEFAULT NULL,
  `updateTime` datetime DEFAULT NULL,
  `deletedTime` datetime DEFAULT NULL,
  `planTaskTime` datetime DEFAULT NULL,
  `deadline` datetime DEFAULT NULL,
  `previousTaskId` int DEFAULT NULL,
  `startActualTime` datetime DEFAULT NULL,
  `finishActualTime` datetime DEFAULT NULL,
  `projectId` int DEFAULT NULL
) ENGINE=InnoDB DEFAULT CHARSET=utf8mb4 COLLATE=utf8mb4_0900_ai_ci;
/*!40101 SET character_set_client = @saved_cs_client */;

--
-- Dumping data for table `Task_import`
--

LOCK TABLES `Task_import` WRITE;
/*!40000 ALTER TABLE `Task_import` DISABLE KEYS */;
INSERT INTO `Task_import` VALUES ('ПРИСКОДОК-01','Сбор и анализ требований заказчика к автоматизированной системе','',1,2,'2017-02-01 00:00:00','2017-02-14 00:00:00',NULL,'2017-02-01 00:00:00','2017-02-15 00:00:00',NULL,'2017-02-01 00:00:00','2017-02-14 00:00:00',1),('ПРИСКОДОК-02','Планирование этапов работ, составление календарного плана работ','',NULL,4,'2017-02-01 00:00:00','2017-06-07 00:00:00',NULL,'2017-02-15 00:00:00','2017-06-08 00:00:00',NULL,'2017-02-15 00:00:00','2017-06-07 00:00:00',22),('ПРИСКОДОК-03','Ведение личных карточек моряков','',2,5,'2017-02-01 00:00:00','2017-06-30 00:00:00',NULL,'2017-06-08 00:00:00','2017-07-20 00:00:00',NULL,'2017-06-08 00:00:00','2017-06-30 00:00:00',32),('ПРИСКОДОК-04','Справочник курсов и их характеристик','',11,5,'2017-02-01 00:00:00','2017-09-30 00:00:00',NULL,'2017-07-20 00:00:00','2017-10-01 00:00:00',NULL,'2017-07-20 00:00:00','2017-09-30 00:00:00',36),('ПРИСКОДОК-05','Ввод связанных документов Заявки, Приказы, Экзаменационные ведомости, Протоколы','',12,2,'2017-02-01 00:00:00','2017-11-07 00:00:00',NULL,'2017-10-01 00:00:00','2017-11-08 00:00:00',NULL,'2017-10-01 00:00:00','2017-11-07 00:00:00',25),('ПРИСКОДОК-06','Учет выданных сертификатов и свидетельств','',NULL,5,'2017-02-01 00:00:00','2017-12-20 00:00:00',NULL,'2017-11-08 00:00:00','2017-12-25 00:00:00',NULL,'2017-11-08 00:00:00','2017-12-20 00:00:00',NULL),('ПРИСКОДОК-07','Прайс курсов','',3,1,'2017-02-01 00:00:00','2018-01-14 00:00:00',NULL,'2017-12-25 00:00:00','2018-01-14 00:00:00',NULL,'2017-12-25 00:00:00','2018-01-14 00:00:00',3),('ПРИСКОДОК-08','Учет оплаты курсов','',NULL,5,'2017-02-01 00:00:00','2017-01-30 00:00:00',NULL,'2018-01-14 00:00:00','2018-01-30 00:00:00',NULL,'2018-01-14 00:00:00','2017-01-30 00:00:00',19),('ПРИСКОДОК-09','Формирование отчетов по морякам, сертификатам','',NULL,5,'2017-02-01 00:00:00','2018-02-14 00:00:00',NULL,'2018-01-30 00:00:00','2018-02-21 00:00:00',NULL,'2018-01-30 00:00:00','2018-02-14 00:00:00',2),('ПРИСКОДОК-10','Установка программного обеспечения на компьютеры заказчика ','',NULL,5,'2017-02-01 00:00:00','2018-03-10 00:00:00',NULL,'2018-02-21 00:00:00','2018-03-12 00:00:00',NULL,'2018-02-21 00:00:00','2018-03-10 00:00:00',17),('ПРИСКОДОК-11','Разработка методического обеспечения специфических особенностей учета и управления в системе автоматизации (требования к адаптации)','',14,5,'2017-02-01 00:00:00','2018-04-01 00:00:00',NULL,'2018-03-12 00:00:00','2018-04-14 00:00:00',NULL,'2018-03-12 00:00:00','2018-04-01 00:00:00',9),('ПРИСКОДОК-12','Обучение персонала работе с программой/системой','',NULL,5,'2017-02-01 00:00:00','2018-11-11 00:00:00',NULL,'2018-04-14 00:00:00','2019-01-13 00:00:00',NULL,'2018-04-14 00:00:00','2018-11-11 00:00:00',7),('ПРИСКОДОК-13','Индивидуальное обучение в офисе заказчика','',15,5,'2017-02-01 00:00:00','2019-01-13 00:00:00',NULL,'2018-09-01 00:00:00','2019-01-13 00:00:00',NULL,'2018-09-01 00:00:00','2019-01-13 00:00:00',10),('ЧГБУХ-01','Сбор и анализ требований заказчика к автоматизированной системе','',NULL,5,'2017-07-01 00:00:00','2017-07-21 00:00:00',NULL,'2017-07-01 00:00:00','2017-07-21 00:00:00',NULL,'2017-07-01 00:00:00','2017-07-21 00:00:00',6),('ЧГБУХ-02','Планирование этапов работ, составление календарного плана работ','',NULL,5,'2017-07-01 00:00:00','2017-08-03 00:00:00',NULL,'2017-07-25 00:00:00','2017-08-03 00:00:00',NULL,'2017-07-25 00:00:00','2017-08-03 00:00:00',8),('ЧГБУХ-03','Техническая реализация специфических особенностей учета и управления в системе автоматизации (адаптация)','',NULL,5,'2017-07-01 00:00:00','2017-08-31 00:00:00',NULL,'2017-08-04 00:00:00','2017-08-31 00:00:00',NULL,'2017-08-04 00:00:00','2017-08-31 00:00:00',6),('ЧГБУХ-04','Создание интерфейсов и наборов прав пользователей','',NULL,5,'2017-07-01 00:00:00','2017-09-29 00:00:00',NULL,'2017-09-01 00:00:00','2017-09-29 00:00:00',NULL,'2017-09-01 00:00:00','2017-09-29 00:00:00',16),('ЧГБУХ-05','\"Интеграция с другими системами на базе \"\"1С:Предприятия\"\"\"','',NULL,1,'2017-07-01 00:00:00','2017-11-13 00:00:00',NULL,'2017-09-30 00:00:00','2017-11-13 00:00:00',NULL,'2017-09-30 00:00:00','2017-11-13 00:00:00',14),('ЧГБУХ-06','Методическое обеспечение специфических особенностей учета и управления в системе автоматизации (требования к адаптации)','',NULL,5,'2017-07-01 00:00:00','2017-11-30 00:00:00',NULL,'2017-11-15 00:00:00','2017-11-30 00:00:00',NULL,'2017-11-15 00:00:00','2017-11-30 00:00:00',13),('ЧГБУХ-07','Индивидуальное обучение в офисе заказчика','',NULL,5,'2017-07-01 00:00:00','2017-12-14 00:00:00',NULL,'2017-12-01 00:00:00','2017-12-14 00:00:00',NULL,'2017-12-01 00:00:00','2017-12-14 00:00:00',11),('ЧГБУХ-08','Дистанционное обучение пользователей','',NULL,5,'2017-07-01 00:00:00','2018-01-20 00:00:00',NULL,'2017-12-01 00:00:00','2018-01-20 00:00:00',NULL,'2017-12-01 00:00:00','2018-01-20 00:00:00',24),('ЖСБУХ-01','Консультации по выбору программного обеспечения и вариантов его сопровождения','',NULL,5,'2017-05-05 00:00:00','2017-05-05 00:00:00','2017-05-05 00:00:00',NULL,'2017-06-02 00:00:00',NULL,NULL,NULL,NULL),('ЖСБУХ-02','Продажа выбранных программных продуктов','',NULL,5,'2017-05-05 00:00:00','2017-05-05 00:00:00','2017-05-05 00:00:00',NULL,'2019-06-17 00:00:00',NULL,NULL,NULL,NULL),('ЖСБУХ-03','Доставка программных продуктов в офис заказчика','',NULL,5,'2017-05-05 00:00:00','2017-05-05 00:00:00','2017-05-05 00:00:00',NULL,'2019-06-20 00:00:00',NULL,NULL,NULL,NULL),('ЖСБУХ-04','Установка программного обеспечения на компьютеры заказчика','',NULL,5,'2017-05-05 00:00:00','2017-05-05 00:00:00','2017-05-05 00:00:00',NULL,'2019-07-30 00:00:00',NULL,NULL,NULL,NULL),('ЖСБУХ-05','Работы по настройке и внедрению типового/отраслевого программного обеспечения','',NULL,5,'2017-05-05 00:00:00','2017-05-05 00:00:00','2017-05-05 00:00:00',NULL,'2019-02-02 00:00:00',NULL,NULL,NULL,NULL),('ГДХШЗП-01','Консультации по выбору программного обеспечения и вариантов его сопровождения','',NULL,5,'2017-10-07 00:00:00','2017-10-07 00:00:00','2017-10-24 00:00:00','2017-10-07 00:00:00','2017-10-07 00:00:00',NULL,'2017-10-07 00:00:00',NULL,NULL),('ГДХШЗП-02','Продажа выбранных программных продуктов','',NULL,5,'2017-10-07 00:00:00','2017-11-01 00:00:00','2017-10-24 00:00:00',NULL,'2017-11-01 00:00:00',NULL,NULL,NULL,NULL),('ГДХШЗП-03','Доставка программных продуктов в офис заказчика','',NULL,5,'2017-10-07 00:00:00','2017-10-07 00:00:00','2017-10-24 00:00:00',NULL,'2017-11-16 00:00:00',NULL,NULL,NULL,NULL),('ГДХШЗП-04','Установка программного обеспечения на компьютеры заказчика','',NULL,5,'2017-10-07 00:00:00','2017-10-07 00:00:00','2017-10-24 00:00:00',NULL,'2017-12-01 00:00:00',NULL,NULL,NULL,NULL),('ГДХШЗП-05','Работы по настройке и внедрению типового/отраслевого программного обеспечения','',NULL,5,'2017-10-07 00:00:00','2017-10-07 00:00:00','2017-10-24 00:00:00',NULL,'2017-12-08 00:00:00',NULL,NULL,NULL,NULL),('ЭНБУЗ-01','Консультации по выбору программного обеспечения и вариантов его сопровождения','',NULL,5,'2017-11-11 00:00:00','2017-11-11 00:00:00','2017-12-20 00:00:00','2017-11-11 00:00:00',NULL,NULL,'2017-11-11 00:00:00','2017-12-01 00:00:00',17),('ЭНБУЗ-02','Продажа выбранных программных продуктов','',NULL,5,'2017-11-11 00:00:00','2017-12-03 00:00:00','2017-12-20 00:00:00','2017-12-03 00:00:00',NULL,NULL,'2017-12-03 00:00:00',NULL,NULL),('ЭНБУЗ-03','Доставка программных продуктов в офис заказчика','',NULL,5,'2017-11-11 00:00:00','2017-11-11 00:00:00','2017-12-20 00:00:00',NULL,NULL,NULL,NULL,NULL,NULL),('ЭНБУЗ-04','Установка программного обеспечения на компьютеры заказчика','',NULL,5,'2017-11-11 00:00:00','2017-11-11 00:00:00','2017-12-20 00:00:00',NULL,NULL,NULL,NULL,NULL,NULL),('ЭНБУЗ-05','Работы по настройке и внедрению типового/отраслевого программного обеспечения','',NULL,5,'2017-11-11 00:00:00','2017-11-11 00:00:00','2017-12-20 00:00:00',NULL,NULL,NULL,NULL,NULL,NULL),('ДАЛЬКБУХ-01','Консультации по выбору программного обеспечения и вариантов его сопровождения','',NULL,5,'2018-01-05 00:00:00','2018-01-23 00:00:00',NULL,'2018-01-05 00:00:00','2018-01-23 00:00:00',NULL,'2018-01-05 00:00:00','2018-01-23 00:00:00',NULL),('ДАЛЬКБУХ-02','Продажа выбранных программных продуктов','',NULL,5,'2018-01-05 00:00:00','2018-01-30 00:00:00',NULL,'2018-01-23 00:00:00','2018-01-30 00:00:00',NULL,'2018-01-23 00:00:00','2018-01-30 00:00:00',NULL),('ДАЛЬКБУХ-03','Доставка программных продуктов в офис заказчика','',NULL,5,'2018-01-05 00:00:00','2018-02-07 00:00:00',NULL,'2018-02-01 00:00:00','2018-02-07 00:00:00',NULL,'2018-02-01 00:00:00','2018-02-07 00:00:00',NULL),('ДАЛЬКБУХ-04','Установка программного обеспечения на компьютеры заказчика','',NULL,5,'2018-01-05 00:00:00','2018-02-17 00:00:00',NULL,'2018-02-08 00:00:00','2018-02-17 00:00:00',NULL,'2018-02-08 00:00:00','2018-02-17 00:00:00',NULL),('ДАЛЬКБУХ-05','Работы по настройке и внедрению типового/отраслевого программного обеспечения','',NULL,5,'2018-01-05 00:00:00','2018-03-05 00:00:00',NULL,'2018-02-18 00:00:00','2018-03-05 00:00:00',NULL,'2018-02-18 00:00:00','2018-03-05 00:00:00',NULL),('ГДХШБУХ-01','Консультации по выбору программного обеспечения и вариантов его сопровождения','',NULL,5,'2018-03-02 00:00:00','2018-03-31 00:00:00',NULL,'2018-03-02 00:00:00',NULL,NULL,'2018-03-02 00:00:00','2018-03-31 00:00:00',NULL),('ГДХШБУХ-02','Продажа выбранных программных продуктов','',NULL,5,'2018-03-02 00:00:00','2018-04-01 00:00:00',NULL,'2018-03-31 00:00:00',NULL,NULL,'2018-03-31 00:00:00','2018-04-01 00:00:00',NULL),('ГДХШБУХ-03','Доставка программных продуктов в офис заказчика','',NULL,5,'2018-03-02 00:00:00','2018-04-07 00:00:00',NULL,'2018-04-02 00:00:00',NULL,NULL,'2018-04-02 00:00:00','2018-04-07 00:00:00',NULL),('ГДХШБУХ-04','Установка программного обеспечения на компьютеры заказчика','',NULL,5,'2018-03-02 00:00:00','2018-04-19 00:00:00',NULL,'2018-04-08 00:00:00',NULL,NULL,'2018-04-08 00:00:00','2018-04-19 00:00:00',NULL),('ГДХШБУХ-05','Работы по настройке и внедрению типового/отраслевого программного обеспечения','',NULL,5,'2018-03-02 00:00:00','2018-10-07 00:00:00',NULL,'2018-04-20 00:00:00',NULL,NULL,'2018-04-20 00:00:00','2018-10-07 00:00:00',NULL),('УОПАБУХ-01','Консультации по выбору программного обеспечения и вариантов его сопровождения','',NULL,5,'2018-01-11 00:00:00','2018-02-15 00:00:00',NULL,'2018-01-11 00:00:00',NULL,NULL,'2018-01-11 00:00:00','2018-02-15 00:00:00',NULL),('УОПАБУХ-02','Продажа выбранных программных продуктов','',NULL,5,'2018-01-11 00:00:00','2018-02-22 00:00:00',NULL,'2018-02-16 00:00:00',NULL,NULL,'2018-02-16 00:00:00','2018-02-22 00:00:00',NULL),('УОПАБУХ-03','Доставка программных продуктов в офис заказчика','',NULL,5,'2018-01-11 00:00:00','2018-02-28 00:00:00',NULL,'2018-02-24 00:00:00',NULL,NULL,'2018-02-24 00:00:00','2018-02-28 00:00:00',NULL),('УОПАБУХ-04','Установка программного обеспечения на компьютеры заказчика','',NULL,5,'2018-01-11 00:00:00','2018-03-02 00:00:00',NULL,'2018-03-01 00:00:00',NULL,NULL,'2018-03-01 00:00:00','2018-03-02 00:00:00',NULL),('УОПАБУХ-05','Работы по настройке и внедрению типового/отраслевого программного обеспечения','',NULL,5,'2018-01-11 00:00:00','2018-03-09 00:00:00',NULL,'2018-03-02 00:00:00',NULL,NULL,'2018-03-02 00:00:00','2018-03-09 00:00:00',NULL),('УОПАНГОЗП-01','Консультации по выбору программного обеспечения и вариантов его сопровождения','',NULL,5,'2018-04-01 00:00:00','2018-04-11 00:00:00','2018-04-14 00:00:00','2018-04-01 00:00:00','2018-04-11 00:00:00',NULL,'2018-04-01 00:00:00','2018-04-11 00:00:00',NULL),('УОПАНГОЗП-02','Продажа выбранных программных продуктов','',NULL,5,'2018-04-01 00:00:00','2018-04-01 00:00:00','2018-04-14 00:00:00',NULL,'2018-04-20 00:00:00',NULL,NULL,NULL,NULL),('УОПАНГОЗП-03','Доставка программных продуктов в офис заказчика','',NULL,5,'2018-04-01 00:00:00','2018-04-01 00:00:00','2018-04-14 00:00:00',NULL,'2018-04-22 00:00:00',NULL,NULL,NULL,NULL),('УОПАНГОЗП-04','Установка программного обеспечения на компьютеры заказчика','',NULL,5,'2018-04-01 00:00:00','2018-04-01 00:00:00','2018-04-14 00:00:00',NULL,'2018-04-30 00:00:00',NULL,NULL,NULL,NULL),('УОПАНГОЗП-05','Работы по настройке и внедрению типового/отраслевого программного обеспечения','',NULL,5,'2018-04-01 00:00:00','2018-04-01 00:00:00','2018-04-14 00:00:00',NULL,'2018-06-20 00:00:00',NULL,NULL,NULL,NULL),('ПРИМТЕПЛО-01','Консультации по выбору программного обеспечения и вариантов его сопровождения','',NULL,5,'2019-01-11 00:00:00','2019-01-24 00:00:00',NULL,'2019-01-11 00:00:00','2019-02-01 00:00:00',NULL,'2019-01-11 00:00:00','2019-01-24 00:00:00',NULL),('ПРИМТЕПЛО-02','Продажа выбранных программных продуктов','',NULL,5,'2019-01-11 00:00:00','2019-01-31 00:00:00',NULL,'2019-01-25 00:00:00','2019-02-01 00:00:00',NULL,'2019-01-25 00:00:00','2019-01-31 00:00:00',NULL),('ПРИМТЕПЛО-03','Доставка программных продуктов в офис заказчика','',NULL,5,'2019-01-11 00:00:00','2019-02-03 00:00:00',NULL,'2019-02-03 00:00:00','2019-02-01 00:00:00',NULL,'2019-02-03 00:00:00','2019-02-03 00:00:00',NULL),('ПРИМТЕПЛО-04','Установка программного обеспечения на компьютеры заказчика','',NULL,5,'2019-01-11 00:00:00','2019-02-14 00:00:00',NULL,'2019-02-04 00:00:00','2019-02-10 00:00:00',NULL,'2019-02-04 00:00:00','2019-02-14 00:00:00',NULL),('ПРИМТЕПЛО-05','Работы по настройке и внедрению типового/отраслевого программного обеспечения','',NULL,5,'2019-01-11 00:00:00','2019-03-09 00:00:00',NULL,'2019-02-15 00:00:00','2019-03-03 00:00:00',NULL,'2019-02-15 00:00:00','2019-03-09 00:00:00',NULL),('ЗВЗЗП-01','Консультации по выбору программного обеспечения и вариантов его сопровождения','',NULL,5,'2019-03-14 00:00:00','2019-03-14 00:00:00','2019-03-14 00:00:00',NULL,'2019-05-01 00:00:00',NULL,NULL,NULL,NULL),('ЗВЗЗП-02','Продажа выбранных программных продуктов','',NULL,5,'2019-03-14 00:00:00','2019-03-14 00:00:00','2019-03-14 00:00:00',NULL,'2019-05-01 00:00:00',NULL,NULL,NULL,NULL),('ЗВЗЗП-03','Доставка программных продуктов в офис заказчика','',NULL,5,'2019-03-14 00:00:00','2019-03-14 00:00:00','2019-03-14 00:00:00',NULL,'2019-05-01 00:00:00',NULL,NULL,NULL,NULL),('ЗВЗЗП-04','Установка программного обеспечения на компьютеры заказчика','',NULL,5,'2019-03-14 00:00:00','2019-03-14 00:00:00','2019-03-14 00:00:00',NULL,'2019-05-01 00:00:00',NULL,NULL,NULL,NULL),('ЗВЗЗП-05','Работы по настройке и внедрению типового/отраслевого программного обеспечения','',NULL,5,'2019-03-14 00:00:00','2019-03-14 00:00:00','2019-03-14 00:00:00',NULL,'2019-07-30 00:00:00',NULL,NULL,NULL,NULL),('НССБУХ-01','Консультации по выбору программного обеспечения и вариантов его сопровождения','',NULL,5,'2020-06-07 00:00:00','2020-07-01 00:00:00',NULL,'2020-06-07 00:00:00','2020-07-01 00:00:00',NULL,'2020-06-07 00:00:00','2020-07-01 00:00:00',NULL),('НССБУХ-02','Продажа выбранных программных продуктов','',NULL,5,'2020-06-07 00:00:00','2020-07-10 00:00:00',NULL,'2020-07-02 00:00:00','2020-07-10 00:00:00',NULL,'2020-07-02 00:00:00','2020-07-10 00:00:00',NULL),('НССБУХ-03','Доставка программных продуктов в офис заказчика','',NULL,5,'2020-06-07 00:00:00','2020-07-12 00:00:00',NULL,'2020-07-11 00:00:00','2020-07-10 00:00:00',NULL,'2020-07-11 00:00:00','2020-07-12 00:00:00',NULL),('НССБУХ-04','Установка программного обеспечения на компьютеры заказчика','',NULL,5,'2020-06-07 00:00:00','2020-07-17 00:00:00',NULL,'2020-07-13 00:00:00','2020-07-15 00:00:00',NULL,'2020-07-13 00:00:00','2020-07-17 00:00:00',NULL),('НССБУХ-05','Работы по настройке и внедрению типового/отраслевого программного обеспечения','',NULL,5,'2020-06-07 00:00:00','2020-08-31 00:00:00',NULL,'2020-07-20 00:00:00','2020-08-31 00:00:00',NULL,'2020-07-20 00:00:00','2020-08-31 00:00:00',NULL),('ЖЭУВОЛЧ-01','Консультации по выбору программного обеспечения и вариантов его сопровождения','',NULL,5,'2020-07-19 00:00:00','2020-09-12 00:00:00','2020-09-30 00:00:00','2020-07-19 00:00:00','2020-09-01 00:00:00',NULL,'2020-07-19 00:00:00','2020-09-12 00:00:00',NULL),('ЖЭУВОЛЧ-02','Продажа выбранных программных продуктов','',NULL,5,'2020-07-19 00:00:00','2020-09-22 00:00:00','2020-09-30 00:00:00','2020-09-13 00:00:00','2020-10-01 00:00:00',NULL,'2020-09-13 00:00:00','2020-09-22 00:00:00',NULL),('ЖЭУВОЛЧ-03','Доставка программных продуктов в офис заказчика','',NULL,5,'2020-07-19 00:00:00','2020-09-23 00:00:00','2020-09-30 00:00:00','2020-09-23 00:00:00','2020-10-01 00:00:00',NULL,'2020-09-23 00:00:00',NULL,NULL),('ЖЭУВОЛЧ-04','Установка программного обеспечения на компьютеры заказчика','',NULL,5,'2020-07-19 00:00:00','2020-07-19 00:00:00','2020-09-30 00:00:00',NULL,'2020-10-01 00:00:00',NULL,NULL,NULL,NULL),('ЖЭУВОЛЧ-05','Работы по настройке и внедрению типового/отраслевого программного обеспечения','',NULL,5,'2020-07-19 00:00:00','2020-07-19 00:00:00','2020-09-30 00:00:00',NULL,'2021-04-04 00:00:00',NULL,NULL,NULL,NULL),('ДМФРЭШ-01','Консультации по выбору программного обеспечения и вариантов его сопровождения','',NULL,5,'2021-01-11 00:00:00','2021-01-21 00:00:00',NULL,'2021-01-11 00:00:00','2021-01-30 00:00:00',NULL,'2021-01-11 00:00:00','2021-01-21 00:00:00',NULL),('ДМФРЭШ-02','Продажа выбранных программных продуктов','',NULL,5,'2021-01-11 00:00:00','2021-02-27 00:00:00',NULL,'2021-01-22 00:00:00','2021-02-28 00:00:00',NULL,'2021-01-22 00:00:00','2021-02-27 00:00:00',NULL),('ДМФРЭШ-03','Доставка программных продуктов в офис заказчика','',NULL,5,'2021-01-11 00:00:00','2021-03-15 00:00:00',NULL,'2021-03-01 00:00:00','2021-03-09 00:00:00',NULL,'2021-03-01 00:00:00','2021-03-15 00:00:00',NULL),('ДМФРЭШ-04','Установка программного обеспечения на компьютеры заказчика','',NULL,5,'2021-01-11 00:00:00','2021-03-20 00:00:00',NULL,'2021-03-16 00:00:00','2021-03-20 00:00:00',NULL,'2021-03-16 00:00:00','2021-03-20 00:00:00',NULL),('ДМФРЭШ-05','Работы по настройке и внедрению типового/отраслевого программного обеспечения','',NULL,5,'2021-01-11 00:00:00','2021-09-07 00:00:00',NULL,'2021-03-22 00:00:00','2021-09-07 00:00:00',NULL,'2021-03-22 00:00:00','2021-09-07 00:00:00',NULL),('МГУНЗП-01','Консультации по выбору программного обеспечения и вариантов его сопровождения','',NULL,5,'2021-01-31 00:00:00','2021-02-28 00:00:00',NULL,'2021-01-31 00:00:00','2021-02-28 00:00:00',NULL,'2021-01-31 00:00:00','2021-02-28 00:00:00',NULL),('МГУНЗП-02','Продажа выбранных программных продуктов','',NULL,5,'2021-01-31 00:00:00','2021-03-31 00:00:00',NULL,'2021-02-28 00:00:00','2021-04-01 00:00:00',NULL,'2021-02-28 00:00:00','2021-03-31 00:00:00',NULL),('МГУНЗП-03','Доставка программных продуктов в офис заказчика','',NULL,5,'2021-01-31 00:00:00','2021-04-03 00:00:00',NULL,'2021-04-01 00:00:00','2021-04-04 00:00:00',NULL,'2021-04-01 00:00:00','2021-04-03 00:00:00',NULL),('МГУНЗП-04','Установка программного обеспечения на компьютеры заказчика','',NULL,5,'2021-01-31 00:00:00','2021-04-10 00:00:00',NULL,'2021-04-04 00:00:00','2021-04-11 00:00:00',NULL,'2021-04-04 00:00:00','2021-04-10 00:00:00',NULL),('МГУНЗП-05','Работы по настройке и внедрению типового/отраслевого программного обеспечения','',NULL,5,'2021-01-31 00:00:00','2021-07-15 00:00:00',NULL,'2021-04-11 00:00:00','2021-07-15 00:00:00',NULL,'2021-04-11 00:00:00','2021-07-15 00:00:00',NULL),('УСТУНФ-01','Консультации по выбору программного обеспечения и вариантов его сопровождения','',NULL,5,'2021-04-02 00:00:00','2021-05-10 00:00:00',NULL,'2021-04-02 00:00:00','2021-05-11 00:00:00',NULL,'2021-04-02 00:00:00','2021-05-10 00:00:00',NULL),('УСТУНФ-02','Продажа выбранных программных продуктов','',NULL,5,'2021-04-02 00:00:00','2021-05-14 00:00:00',NULL,'2021-05-11 00:00:00','2021-05-15 00:00:00',NULL,'2021-05-11 00:00:00','2021-05-14 00:00:00',NULL),('УСТУНФ-03','Доставка программных продуктов в офис заказчика','',NULL,5,'2021-04-02 00:00:00','2021-05-22 00:00:00',NULL,'2021-05-15 00:00:00','2021-05-23 00:00:00',NULL,'2021-05-15 00:00:00','2021-05-22 00:00:00',NULL),('УСТУНФ-04','Установка программного обеспечения на компьютеры заказчика','',NULL,5,'2021-04-02 00:00:00','2021-05-24 00:00:00',NULL,'2021-05-23 00:00:00','2021-05-25 00:00:00',NULL,'2021-05-23 00:00:00','2021-05-24 00:00:00',NULL),('УСТУНФ-05','Работы по настройке и внедрению типового/отраслевого программного обеспечения','',NULL,5,'2021-04-02 00:00:00','2021-06-01 00:00:00',NULL,'2021-05-25 00:00:00','2021-06-01 00:00:00',NULL,'2021-05-25 00:00:00','2021-06-01 00:00:00',NULL),('МКВЗП-01','Консультации по выбору программного обеспечения и вариантов его сопровождения','',NULL,5,'2021-06-11 00:00:00','2021-07-01 00:00:00',NULL,'2021-06-11 00:00:00','2021-07-02 00:00:00',NULL,'2021-06-11 00:00:00','2021-07-01 00:00:00',NULL),('МКВЗП-02','Продажа выбранных программных продуктов','',NULL,5,'2021-06-11 00:00:00','2021-07-09 00:00:00',NULL,'2021-07-02 00:00:00','2021-07-10 00:00:00',NULL,'2021-07-02 00:00:00','2021-07-09 00:00:00',NULL),('МКВЗП-03','Доставка программных продуктов в офис заказчика','',NULL,5,'2021-06-11 00:00:00','2021-07-13 00:00:00',NULL,'2021-07-10 00:00:00','2021-07-14 00:00:00',NULL,'2021-07-10 00:00:00','2021-07-13 00:00:00',NULL),('МКВЗП-04','Установка программного обеспечения на компьютеры заказчика','',NULL,5,'2021-06-11 00:00:00','2021-07-20 00:00:00',NULL,'2021-07-14 00:00:00','2021-07-21 00:00:00',NULL,'2021-07-14 00:00:00','2021-07-20 00:00:00',NULL),('МКВЗП-05','Работы по настройке и внедрению типового/отраслевого программного обеспечения','',NULL,5,'2021-06-11 00:00:00','2021-10-01 00:00:00',NULL,'2021-07-21 00:00:00','2021-10-01 00:00:00',NULL,'2021-07-21 00:00:00','2021-10-01 00:00:00',NULL),('МКВБИТ-01','Консультации по выбору программного обеспечения и вариантов его сопровождения','',NULL,5,'2021-11-19 00:00:00','2021-11-30 00:00:00',NULL,'2021-11-19 00:00:00','2021-12-01 00:00:00',NULL,'2021-11-19 00:00:00','2021-11-30 00:00:00',NULL),('МКВБИТ-02','Продажа выбранных программных продуктов','',NULL,5,'2021-11-19 00:00:00','2021-12-05 00:00:00',NULL,'2021-12-01 00:00:00','2021-12-06 00:00:00',NULL,'2021-12-01 00:00:00','2021-12-05 00:00:00',NULL),('МКВБИТ-03','Доставка программных продуктов в офис заказчика','',NULL,5,'2021-11-19 00:00:00','2021-12-10 00:00:00',NULL,'2021-12-06 00:00:00','2021-12-11 00:00:00',NULL,'2021-12-06 00:00:00','2021-12-10 00:00:00',NULL);
/*!40000 ALTER TABLE `Task_import` ENABLE KEYS */;
UNLOCK TABLES;

--
-- Dumping routines for database 'akropinov'
--
/*!40103 SET TIME_ZONE=@OLD_TIME_ZONE */;

/*!40101 SET SQL_MODE=@OLD_SQL_MODE */;
/*!40014 SET FOREIGN_KEY_CHECKS=@OLD_FOREIGN_KEY_CHECKS */;
/*!40014 SET UNIQUE_CHECKS=@OLD_UNIQUE_CHECKS */;
/*!40101 SET CHARACTER_SET_CLIENT=@OLD_CHARACTER_SET_CLIENT */;
/*!40101 SET CHARACTER_SET_RESULTS=@OLD_CHARACTER_SET_RESULTS */;
/*!40101 SET COLLATION_CONNECTION=@OLD_COLLATION_CONNECTION */;
/*!40111 SET SQL_NOTES=@OLD_SQL_NOTES */;

-- Dump completed on 2024-05-31 19:22:51
